<?xml version='1.0' encoding='utf-8'?>
<project xmlns="http://www.plcopen.org/xml/tc6_0201" xmlns:xsd="http://www.w3.org/2001/XMLSchema" xmlns:xhtml="http://www.w3.org/1999/xhtml" xmlns:ns1="http://www.plcopen.org/xml/tc6.xsd">
  <fileHeader companyName="Unknown" productName="Unnamed" productVersion="1" creationDateTime="2025-09-07T23:21:20"/>
  <contentHeader name="Unnamed" modificationDateTime="2025-09-08T02:00:58">
    <coordinateInfo>
      <fbd>
        <scaling x="10" y="10"/>
      </fbd>
      <ld>
        <scaling x="10" y="10"/>
      </ld>
      <sfc>
        <scaling x="10" y="10"/>
      </sfc>
    </coordinateInfo>
  </contentHeader>
  <types>
    <dataTypes/>
    <pous>
      <pou name="program0" pouType="program">
        <interface>
          <localVars>
            <variable name="TON3">
              <type>
                <derived name="TON"/>
              </type>
            </variable>
            <variable name="TON0">
              <type>
                <derived name="TON"/>
              </type>
            </variable>
            <variable name="TON4">
              <type>
                <DINT/>
              </type>
            </variable>
            <variable name="TON1">
              <type>
                <derived name="TON"/>
              </type>
            </variable>
            <variable name="INPUT_1">
              <type>
                <BOOL/>
              </type>
            </variable>
            <variable name="INPUT_2">
              <type>
                <BOOL/>
              </type>
            </variable>
            <variable name="INPUT_3">
              <type>
                <BOOL/>
              </type>
            </variable>
            <variable name="INPUT_4">
              <type>
                <BOOL/>
              </type>
            </variable>
            <variable name="INPUT_5">
              <type>
                <BOOL/>
              </type>
            </variable>
            <variable name="INPUT_6">
              <type>
                <BOOL/>
              </type>
            </variable>
            <variable name="INPUT_7">
              <type>
                <BOOL/>
              </type>
            </variable>
            <variable name="INPUT_8">
              <type>
                <BOOL/>
              </type>
            </variable>
            <variable name="INPUT_9">
              <type>
                <BOOL/>
              </type>
            </variable>
            <variable name="Switch">
              <type>
                <BOOL/>
              </type>
            </variable>
            <variable name="Run">
              <type>
                <BOOL/>
              </type>
            </variable>
            <variable name="manual_switch">
              <type>
                <BOOL/>
              </type>
            </variable>
            <variable name="start_A">
              <type>
                <BOOL/>
              </type>
            </variable>
            <variable name="strat_B">
              <type>
                <BOOL/>
              </type>
            </variable>
            <variable name="INPUT_15">
              <type>
                <BOOL/>
              </type>
            </variable>
            <variable name="TON2">
              <type>
                <derived name="TON"/>
              </type>
            </variable>
            <variable name="SR0">
              <type>
                <derived name="SR"/>
              </type>
            </variable>
            <variable name="OUTOUT_1">
              <type>
                <BOOL/>
              </type>
            </variable>
            <variable name="Output_2">
              <type>
                <BOOL/>
              </type>
            </variable>
            <variable name="Indicator_Light">
              <type>
                <BOOL/>
              </type>
            </variable>
            <variable name="OUTOUT_4">
              <type>
                <BOOL/>
              </type>
            </variable>
            <variable name="OUTOUT_5">
              <type>
                <BOOL/>
              </type>
            </variable>
            <variable name="OUTOUT_6">
              <type>
                <BOOL/>
              </type>
            </variable>
          </localVars>
        </interface>
        <body>
          <LD>
            <leftPowerRail localId="1" width="10" height="400" executionOrderId="0">
              <position x="20" y="40"/>
              <connectionPointOut formalParameter="">
                <relPosition x="10" y="20"/>
              </connectionPointOut>
              <connectionPointOut formalParameter="">
                <relPosition x="10" y="60"/>
              </connectionPointOut>
              <connectionPointOut formalParameter="">
                <relPosition x="10" y="100"/>
              </connectionPointOut>
              <connectionPointOut formalParameter="">
                <relPosition x="10" y="140"/>
              </connectionPointOut>
              <connectionPointOut formalParameter="">
                <relPosition x="10" y="180"/>
              </connectionPointOut>
              <connectionPointOut formalParameter="">
                <relPosition x="10" y="220"/>
              </connectionPointOut>
              <connectionPointOut formalParameter="">
                <relPosition x="10" y="260"/>
              </connectionPointOut>
              <connectionPointOut formalParameter="">
                <relPosition x="10" y="300"/>
              </connectionPointOut>
              <connectionPointOut formalParameter="">
                <relPosition x="10" y="340"/>
              </connectionPointOut>
              <connectionPointOut formalParameter="">
                <relPosition x="10" y="380"/>
              </connectionPointOut>
            </leftPowerRail>
            <rightPowerRail localId="2" width="10" height="550" executionOrderId="0">
              <position x="550" y="10"/>
              <connectionPointIn>
                <relPosition x="0" y="20"/>
                <connection refLocalId="3">
                  <position x="550" y="30"/>
                  <position x="421" y="30"/>
                </connection>
              </connectionPointIn>
              <connectionPointIn>
                <relPosition x="0" y="80"/>
                <connection refLocalId="8">
                  <position x="550" y="90"/>
                  <position x="440" y="90"/>
                  <position x="440" y="100"/>
                  <position x="331" y="100"/>
                </connection>
              </connectionPointIn>
              <connectionPointIn>
                <relPosition x="0" y="130"/>
              </connectionPointIn>
              <connectionPointIn>
                <relPosition x="0" y="190"/>
                <connection refLocalId="23">
                  <position x="550" y="200"/>
                  <position x="535" y="200"/>
                  <position x="535" y="170"/>
                  <position x="521" y="170"/>
                </connection>
              </connectionPointIn>
              <connectionPointIn>
                <relPosition x="0" y="250"/>
              </connectionPointIn>
              <connectionPointIn>
                <relPosition x="0" y="300"/>
                <connection refLocalId="16">
                  <position x="550" y="310"/>
                  <position x="510" y="310"/>
                  <position x="510" y="280"/>
                  <position x="491" y="280"/>
                </connection>
              </connectionPointIn>
              <connectionPointIn>
                <relPosition x="0" y="360"/>
                <connection refLocalId="27">
                  <position x="550" y="370"/>
                  <position x="461" y="370"/>
                </connection>
              </connectionPointIn>
              <connectionPointIn>
                <relPosition x="0" y="420"/>
              </connectionPointIn>
              <connectionPointIn>
                <relPosition x="0" y="470"/>
              </connectionPointIn>
              <connectionPointIn>
                <relPosition x="0" y="530"/>
                <connection refLocalId="31">
                  <position x="550" y="540"/>
                  <position x="471" y="540"/>
                </connection>
              </connectionPointIn>
            </rightPowerRail>
            <coil localId="3" negated="false" width="21" height="20" executionOrderId="0">
              <position x="400" y="20"/>
              <connectionPointIn>
                <relPosition x="0" y="10"/>
                <connection refLocalId="6">
                  <position x="400" y="30"/>
                  <position x="231" y="30"/>
                </connection>
              </connectionPointIn>
              <connectionPointOut>
                <relPosition x="21" y="10"/>
              </connectionPointOut>
              <variable>OUTOUT_1</variable>
            </coil>
            <contact localId="6" negated="false" width="21" height="20" executionOrderId="0">
              <position x="210" y="20"/>
              <connectionPointIn>
                <relPosition x="0" y="10"/>
                <connection refLocalId="5">
                  <position x="210" y="30"/>
                  <position x="111" y="30"/>
                </connection>
              </connectionPointIn>
              <connectionPointOut>
                <relPosition x="21" y="10"/>
              </connectionPointOut>
              <variable>INPUT_2</variable>
            </contact>
            <contact localId="5" negated="false" width="21" height="20" executionOrderId="0">
              <position x="90" y="20"/>
              <connectionPointIn>
                <relPosition x="0" y="10"/>
                <connection refLocalId="1">
                  <position x="90" y="30"/>
                  <position x="50" y="30"/>
                  <position x="50" y="60"/>
                  <position x="30" y="60"/>
                </connection>
              </connectionPointIn>
              <connectionPointOut>
                <relPosition x="21" y="10"/>
              </connectionPointOut>
              <variable>INPUT_1</variable>
            </contact>
            <coil localId="8" negated="false" width="21" height="20" executionOrderId="0">
              <position x="310" y="90"/>
              <connectionPointIn>
                <relPosition x="0" y="10"/>
                <connection refLocalId="7">
                  <position x="310" y="100"/>
                  <position x="230" y="100"/>
                  <position x="230" y="90"/>
                  <position x="131" y="90"/>
                </connection>
                <connection refLocalId="4">
                  <position x="310" y="100"/>
                  <position x="230" y="100"/>
                  <position x="230" y="120"/>
                  <position x="131" y="120"/>
                </connection>
              </connectionPointIn>
              <connectionPointOut>
                <relPosition x="21" y="10"/>
              </connectionPointOut>
              <variable>Output_2</variable>
            </coil>
            <contact localId="7" negated="false" width="21" height="20" executionOrderId="0">
              <position x="110" y="80"/>
              <connectionPointIn>
                <relPosition x="0" y="10"/>
                <connection refLocalId="1">
                  <position x="110" y="90"/>
                  <position x="60" y="90"/>
                  <position x="60" y="100"/>
                  <position x="30" y="100"/>
                </connection>
              </connectionPointIn>
              <connectionPointOut>
                <relPosition x="21" y="10"/>
              </connectionPointOut>
              <variable>INPUT_4</variable>
            </contact>
            <contact localId="4" negated="false" width="21" height="20" executionOrderId="0">
              <position x="110" y="110"/>
              <connectionPointIn>
                <relPosition x="0" y="10"/>
                <connection refLocalId="1">
                  <position x="110" y="120"/>
                  <position x="60" y="120"/>
                  <position x="60" y="140"/>
                  <position x="30" y="140"/>
                </connection>
              </connectionPointIn>
              <connectionPointOut>
                <relPosition x="21" y="10"/>
              </connectionPointOut>
              <variable>INPUT_5</variable>
            </contact>
            <coil localId="23" negated="false" width="21" height="20" executionOrderId="0">
              <position x="500" y="160"/>
              <connectionPointIn>
                <relPosition x="0" y="10"/>
                <connection refLocalId="21" formalParameter="Q">
                  <position x="500" y="170"/>
                  <position x="460" y="170"/>
                </connection>
              </connectionPointIn>
              <connectionPointOut>
                <relPosition x="21" y="10"/>
              </connectionPointOut>
              <variable>Indicator_Light</variable>
            </coil>
            <block localId="21" typeName="TON" instanceName="TON3" width="50" height="60" executionOrderId="0">
              <position x="410" y="140"/>
              <inputVariables>
                <variable formalParameter="IN">
                  <connectionPointIn>
                    <relPosition x="0" y="30"/>
                    <connection refLocalId="33">
                      <position x="410" y="170"/>
                      <position x="285" y="170"/>
                      <position x="285" y="210"/>
                      <position x="221" y="210"/>
                    </connection>
                    <connection refLocalId="11">
                      <position x="410" y="170"/>
                      <position x="231" y="170"/>
                    </connection>
                  </connectionPointIn>
                </variable>
                <variable formalParameter="PT">
                  <connectionPointIn>
                    <relPosition x="0" y="50"/>
                    <connection refLocalId="22">
                      <position x="410" y="190"/>
                      <position x="380" y="190"/>
                    </connection>
                  </connectionPointIn>
                </variable>
              </inputVariables>
              <inOutVariables/>
              <outputVariables>
                <variable formalParameter="Q">
                  <connectionPointOut>
                    <relPosition x="50" y="30"/>
                  </connectionPointOut>
                </variable>
                <variable formalParameter="ET">
                  <connectionPointOut>
                    <relPosition x="50" y="50"/>
                  </connectionPointOut>
                </variable>
              </outputVariables>
            </block>
            <contact localId="33" negated="false" width="21" height="20" executionOrderId="0">
              <position x="200" y="200"/>
              <connectionPointIn>
                <relPosition x="0" y="10"/>
                <connection refLocalId="12">
                  <position x="200" y="210"/>
                  <position x="160" y="210"/>
                </connection>
              </connectionPointIn>
              <connectionPointOut>
                <relPosition x="21" y="10"/>
              </connectionPointOut>
              <variable>INPUT_7</variable>
            </contact>
            <contact localId="12" negated="true" width="30" height="20" executionOrderId="0">
              <position x="130" y="200"/>
              <connectionPointIn>
                <relPosition x="0" y="10"/>
                <connection refLocalId="1">
                  <position x="130" y="210"/>
                  <position x="105" y="210"/>
                  <position x="105" y="220"/>
                  <position x="30" y="220"/>
                </connection>
              </connectionPointIn>
              <connectionPointOut>
                <relPosition x="30" y="10"/>
              </connectionPointOut>
              <variable>INPUT_9</variable>
            </contact>
            <contact localId="11" negated="true" width="21" height="20" executionOrderId="0">
              <position x="210" y="160"/>
              <connectionPointIn>
                <relPosition x="0" y="10"/>
                <connection refLocalId="9">
                  <position x="210" y="170"/>
                  <position x="151" y="170"/>
                </connection>
              </connectionPointIn>
              <connectionPointOut>
                <relPosition x="21" y="10"/>
              </connectionPointOut>
              <variable>INPUT_8</variable>
            </contact>
            <contact localId="9" negated="false" width="21" height="20" executionOrderId="0">
              <position x="130" y="160"/>
              <connectionPointIn>
                <relPosition x="0" y="10"/>
                <connection refLocalId="1">
                  <position x="130" y="170"/>
                  <position x="105" y="170"/>
                  <position x="105" y="180"/>
                  <position x="30" y="180"/>
                </connection>
              </connectionPointIn>
              <connectionPointOut>
                <relPosition x="21" y="10"/>
              </connectionPointOut>
              <variable>INPUT_6</variable>
            </contact>
            <inVariable localId="22" width="80" height="30" negated="false" executionOrderId="0">
              <position x="300" y="180"/>
              <connectionPointOut>
                <relPosition x="80" y="10"/>
              </connectionPointOut>
              <expression>T#5000ms</expression>
            </inVariable>
            <coil localId="16" negated="false" width="21" height="20" executionOrderId="0">
              <position x="470" y="270"/>
              <connectionPointIn>
                <relPosition x="0" y="10"/>
                <connection refLocalId="24" formalParameter="Q">
                  <position x="470" y="280"/>
                  <position x="440" y="280"/>
                  <position x="440" y="270"/>
                  <position x="420" y="270"/>
                </connection>
              </connectionPointIn>
              <connectionPointOut>
                <relPosition x="21" y="10"/>
              </connectionPointOut>
              <variable>Indicator_Light</variable>
            </coil>
            <block localId="24" typeName="TON" instanceName="TON0" width="50" height="60" executionOrderId="0">
              <position x="370" y="240"/>
              <inputVariables>
                <variable formalParameter="IN">
                  <connectionPointIn>
                    <relPosition x="0" y="30"/>
                    <connection refLocalId="14">
                      <position x="370" y="270"/>
                      <position x="230" y="270"/>
                      <position x="230" y="260"/>
                      <position x="141" y="260"/>
                    </connection>
                    <connection refLocalId="15">
                      <position x="370" y="270"/>
                      <position x="265" y="270"/>
                      <position x="265" y="300"/>
                      <position x="141" y="300"/>
                    </connection>
                  </connectionPointIn>
                </variable>
                <variable formalParameter="PT">
                  <connectionPointIn>
                    <relPosition x="0" y="50"/>
                    <connection refLocalId="25">
                      <position x="370" y="290"/>
                      <position x="330" y="290"/>
                    </connection>
                  </connectionPointIn>
                </variable>
              </inputVariables>
              <inOutVariables/>
              <outputVariables>
                <variable formalParameter="Q">
                  <connectionPointOut>
                    <relPosition x="50" y="30"/>
                  </connectionPointOut>
                </variable>
                <variable formalParameter="ET">
                  <connectionPointOut>
                    <relPosition x="50" y="50"/>
                  </connectionPointOut>
                </variable>
              </outputVariables>
            </block>
            <contact localId="14" negated="false" width="21" height="20" executionOrderId="0">
              <position x="120" y="250"/>
              <connectionPointIn>
                <relPosition x="0" y="10"/>
                <connection refLocalId="1">
                  <position x="120" y="260"/>
                  <position x="30" y="260"/>
                </connection>
              </connectionPointIn>
              <connectionPointOut>
                <relPosition x="21" y="10"/>
              </connectionPointOut>
              <variable>start_A</variable>
            </contact>
            <contact localId="15" negated="false" width="21" height="20" executionOrderId="0">
              <position x="120" y="290"/>
              <connectionPointIn>
                <relPosition x="0" y="10"/>
                <connection refLocalId="1">
                  <position x="120" y="300"/>
                  <position x="30" y="300"/>
                </connection>
              </connectionPointIn>
              <connectionPointOut>
                <relPosition x="21" y="10"/>
              </connectionPointOut>
              <variable>strat_B</variable>
            </contact>
            <inVariable localId="25" width="80" height="30" negated="false" executionOrderId="0">
              <position x="250" y="280"/>
              <connectionPointOut>
                <relPosition x="80" y="10"/>
              </connectionPointOut>
              <expression>T#5000ms</expression>
            </inVariable>
            <coil localId="27" negated="false" width="21" height="20" executionOrderId="0">
              <position x="440" y="360"/>
              <connectionPointIn>
                <relPosition x="0" y="10"/>
                <connection refLocalId="26" formalParameter="Q">
                  <position x="440" y="370"/>
                  <position x="370" y="370"/>
                </connection>
              </connectionPointIn>
              <connectionPointOut>
                <relPosition x="21" y="10"/>
              </connectionPointOut>
              <variable>Indicator_Light</variable>
            </coil>
            <block localId="26" typeName="TON" instanceName="TON1" width="50" height="60" executionOrderId="0">
              <position x="320" y="340"/>
              <inputVariables>
                <variable formalParameter="IN">
                  <connectionPointIn>
                    <relPosition x="0" y="30"/>
                    <connection refLocalId="32">
                      <position x="320" y="370"/>
                      <position x="281" y="370"/>
                    </connection>
                  </connectionPointIn>
                </variable>
                <variable formalParameter="PT">
                  <connectionPointIn>
                    <relPosition x="0" y="50"/>
                    <connection refLocalId="19">
                      <position x="320" y="390"/>
                      <position x="295" y="390"/>
                      <position x="295" y="430"/>
                      <position x="270" y="430"/>
                    </connection>
                  </connectionPointIn>
                </variable>
              </inputVariables>
              <inOutVariables/>
              <outputVariables>
                <variable formalParameter="Q">
                  <connectionPointOut>
                    <relPosition x="50" y="30"/>
                  </connectionPointOut>
                </variable>
                <variable formalParameter="ET">
                  <connectionPointOut>
                    <relPosition x="50" y="50"/>
                  </connectionPointOut>
                </variable>
              </outputVariables>
            </block>
            <coil localId="32" negated="false" width="21" height="20" executionOrderId="0">
              <position x="260" y="360"/>
              <connectionPointIn>
                <relPosition x="0" y="10"/>
                <connection refLocalId="18">
                  <position x="260" y="370"/>
                  <position x="195" y="370"/>
                  <position x="195" y="350"/>
                  <position x="101" y="350"/>
                </connection>
                <connection refLocalId="17">
                  <position x="260" y="370"/>
                  <position x="195" y="370"/>
                  <position x="195" y="390"/>
                  <position x="101" y="390"/>
                </connection>
              </connectionPointIn>
              <connectionPointOut>
                <relPosition x="21" y="10"/>
              </connectionPointOut>
              <variable>Output_2</variable>
            </coil>
            <contact localId="18" negated="false" width="21" height="20" executionOrderId="0">
              <position x="80" y="340"/>
              <connectionPointIn>
                <relPosition x="0" y="10"/>
                <connection refLocalId="1">
                  <position x="80" y="350"/>
                  <position x="60" y="350"/>
                  <position x="60" y="340"/>
                  <position x="30" y="340"/>
                </connection>
              </connectionPointIn>
              <connectionPointOut>
                <relPosition x="21" y="10"/>
              </connectionPointOut>
              <variable>start_A</variable>
            </contact>
            <contact localId="17" negated="false" width="21" height="20" executionOrderId="0">
              <position x="80" y="380"/>
              <connectionPointIn>
                <relPosition x="0" y="10"/>
                <connection refLocalId="1">
                  <position x="80" y="390"/>
                  <position x="70" y="390"/>
                  <position x="70" y="380"/>
                  <position x="30" y="380"/>
                </connection>
              </connectionPointIn>
              <connectionPointOut>
                <relPosition x="21" y="10"/>
              </connectionPointOut>
              <variable>strat_B</variable>
            </contact>
            <inVariable localId="19" width="80" height="30" negated="false" executionOrderId="0">
              <position x="190" y="410"/>
              <connectionPointOut>
                <relPosition x="80" y="20"/>
              </connectionPointOut>
              <expression>T#4000ms</expression>
            </inVariable>
            <coil localId="31" negated="false" width="21" height="20" executionOrderId="0">
              <position x="450" y="530"/>
              <connectionPointIn>
                <relPosition x="0" y="10"/>
                <connection refLocalId="35">
                  <position x="450" y="540"/>
                  <position x="420" y="540"/>
                  <position x="420" y="500"/>
                  <position x="321" y="500"/>
                </connection>
                <connection refLocalId="10" formalParameter="Q">
                  <position x="450" y="540"/>
                  <position x="440" y="540"/>
                  <position x="440" y="640"/>
                  <position x="390" y="640"/>
                </connection>
              </connectionPointIn>
              <connectionPointOut>
                <relPosition x="21" y="10"/>
              </connectionPointOut>
              <variable>Indicator_Light</variable>
            </coil>
            <contact localId="35" negated="false" width="21" height="20" executionOrderId="0">
              <position x="300" y="490"/>
              <connectionPointIn>
                <relPosition x="0" y="10"/>
                <connection refLocalId="20">
                  <position x="300" y="500"/>
                  <position x="221" y="500"/>
                </connection>
              </connectionPointIn>
              <connectionPointOut>
                <relPosition x="21" y="10"/>
              </connectionPointOut>
              <variable>Switch</variable>
            </contact>
            <contact localId="20" negated="true" width="21" height="20" executionOrderId="0">
              <position x="200" y="490"/>
              <connectionPointIn>
                <relPosition x="0" y="10"/>
                <connection refLocalId="37">
                  <position x="200" y="500"/>
                  <position x="141" y="500"/>
                </connection>
              </connectionPointIn>
              <connectionPointOut>
                <relPosition x="21" y="10"/>
              </connectionPointOut>
              <variable>manual_switch</variable>
            </contact>
            <contact localId="37" negated="false" width="21" height="20" executionOrderId="0">
              <position x="120" y="490"/>
              <connectionPointIn>
                <relPosition x="0" y="10"/>
                <connection refLocalId="1">
                  <position x="120" y="500"/>
                  <position x="110" y="500"/>
                  <position x="110" y="420"/>
                  <position x="30" y="420"/>
                </connection>
              </connectionPointIn>
              <connectionPointOut>
                <relPosition x="21" y="10"/>
              </connectionPointOut>
              <variable>Run</variable>
            </contact>
            <block localId="10" typeName="TON" instanceName="TON2" width="50" height="60" executionOrderId="0">
              <position x="340" y="610"/>
              <inputVariables>
                <variable formalParameter="IN">
                  <connectionPointIn>
                    <relPosition x="0" y="30"/>
                    <connection refLocalId="36" formalParameter="Q1">
                      <position x="340" y="640"/>
                      <position x="260" y="640"/>
                    </connection>
                  </connectionPointIn>
                </variable>
                <variable formalParameter="PT">
                  <connectionPointIn>
                    <relPosition x="0" y="50"/>
                    <connection refLocalId="29">
                      <position x="340" y="660"/>
                      <position x="310" y="660"/>
                      <position x="310" y="710"/>
                      <position x="270" y="710"/>
                    </connection>
                  </connectionPointIn>
                </variable>
              </inputVariables>
              <inOutVariables/>
              <outputVariables>
                <variable formalParameter="Q">
                  <connectionPointOut>
                    <relPosition x="50" y="30"/>
                  </connectionPointOut>
                </variable>
                <variable formalParameter="ET">
                  <connectionPointOut>
                    <relPosition x="50" y="50"/>
                  </connectionPointOut>
                </variable>
              </outputVariables>
            </block>
            <block localId="36" typeName="SR" instanceName="SR0" width="50" height="60" executionOrderId="0">
              <position x="210" y="610"/>
              <inputVariables>
                <variable formalParameter="S1">
                  <connectionPointIn>
                    <relPosition x="0" y="30"/>
                    <connection refLocalId="13">
                      <position x="210" y="640"/>
                      <position x="180" y="640"/>
                      <position x="180" y="550"/>
                      <position x="151" y="550"/>
                    </connection>
                  </connectionPointIn>
                </variable>
                <variable formalParameter="R">
                  <connectionPointIn>
                    <relPosition x="0" y="50"/>
                    <connection refLocalId="10" formalParameter="Q">
                      <position x="210" y="660"/>
                      <position x="200" y="660"/>
                      <position x="200" y="650"/>
                      <position x="400" y="650"/>
                      <position x="400" y="640"/>
                      <position x="390" y="640"/>
                    </connection>
                  </connectionPointIn>
                </variable>
              </inputVariables>
              <inOutVariables/>
              <outputVariables>
                <variable formalParameter="Q1">
                  <connectionPointOut>
                    <relPosition x="50" y="30"/>
                  </connectionPointOut>
                </variable>
              </outputVariables>
            </block>
            <contact localId="13" negated="true" width="21" height="20" executionOrderId="0">
              <position x="130" y="540"/>
              <connectionPointIn>
                <relPosition x="0" y="10"/>
                <connection refLocalId="1">
                  <position x="130" y="550"/>
                  <position x="100" y="550"/>
                  <position x="100" y="420"/>
                  <position x="30" y="420"/>
                </connection>
              </connectionPointIn>
              <connectionPointOut>
                <relPosition x="21" y="10"/>
              </connectionPointOut>
              <variable>Run</variable>
            </contact>
            <inVariable localId="29" width="80" height="30" negated="false" executionOrderId="0">
              <position x="190" y="700"/>
              <connectionPointOut>
                <relPosition x="80" y="10"/>
              </connectionPointOut>
              <expression>T#6000ms</expression>
            </inVariable>
            <comment localId="34" height="70" width="640">
              <position x="570" y="500"/>
              <content>
                <xhtml:p><![CDATA[OR gate so only one main line can operate at a time both lines can not be on at the same time
]]></xhtml:p>
              </content>
            </comment>
            <comment localId="38" height="100" width="680">
              <position x="570" y="350"/>
              <content>
                <xhtml:p><![CDATA[This ladder logic diagram shows that when both Start A and Start B inputs are active, Output_2 is energized, triggering the TON1 (ON-delay timer). The timer is set to delay for 4000 ms (4 seconds), after which its output Q becomes true. Once Q is true, the Indicator_Light turns ON, indicating the delay has completed.]]></xhtml:p>
              </content>
            </comment>
            <comment localId="39" height="80" width="670">
              <position x="570" y="250"/>
              <content>
                <xhtml:p><![CDATA[This ladder logic diagram shows a timer (TON) being activated when both start_A and start_B inputs are ON. The timer is configured with a preset time of 5000 milliseconds (5 seconds). Once the timer reaches this duration, its output (Q) turns ON, activating the Indicator_Light.]]></xhtml:p>
              </content>
            </comment>
            <comment localId="42" height="60" width="600">
              <position x="570" y="180"/>
              <content>
                <xhtml:p><![CDATA[This ladder diagram uses a TON (on-delay) timer block labeled TON3 with a preset of 5000 milliseconds (5 seconds). The timer is activated when INPUT_6 and INPUT_8 are ON, and both INPUT_9 and INPUT_7 are OFF. After the timer reaches 5 seconds, its output Q turns ON, which in turn activates the Indicator_Light.]]></xhtml:p>
              </content>
            </comment>
            <comment localId="43" height="80" width="640">
              <position x="570" y="80"/>
              <content>
                <xhtml:p><![CDATA[This ladder logic rung energizes Output_2 when INPUT_4 is ON and either INPUT_5 is ON or the normally closed contact of INPUT_5 (below) is ON. The parallel connection of a normally open and normally closed contact of INPUT_5 ensures that Output_2 turns ON regardless of INPUT_5's state, as long as INPUT_4 is ON. This logic essentially makes OUTPUT_2 depend only on INPUT_4, since INPUT_5’s condition is always satisfied.]]></xhtml:p>
              </content>
            </comment>
            <comment localId="44" height="60" width="780">
              <position x="570" y="0"/>
              <content>
                <xhtml:p><![CDATA[This ladder logic diagram uses two normally open inputs: INPUT_1 and INPUT_2. The output OUTOUT_1 will turn ON only when both INPUT_1 and INPUT_2 are ON. It represents a basic AND logic function.]]></xhtml:p>
              </content>
            </comment>
          </LD>
        </body>
      </pou>
    </pous>
  </types>
  <instances>
    <configurations>
      <configuration name="Config0">
        <resource name="Res0">
          <task name="task0" priority="0" interval="T#20ms">
            <pouInstance name="instance0" typeName="program0"/>
          </task>
        </resource>
      </configuration>
    </configurations>
  </instances>
</project>
